<?xml version="1.0" encoding="UTF-8"?>
<project-private xmlns="http://www.netbeans.org/ns/project-private/1">
    <editor-bookmarks xmlns="http://www.netbeans.org/ns/editor-bookmarks/2" lastBookmarkId="0"/>
    <open-files xmlns="http://www.netbeans.org/ns/projectui-open-files/2">
        <group>
            <file>file:/Applications/XAMPP/htdocs/sb/public_html/sites/all/modules/custom/bc/templates/place_detail.tpl.php</file>
            <file>file:/Applications/XAMPP/htdocs/sb/public_html/sites/all/themes/booking/js/js.js</file>
            <file>file:/Applications/XAMPP/htdocs/sb/public_html/sites/all/modules/custom/bc/bc.info</file>
            <file>file:/Applications/XAMPP/htdocs/sb/public_html/sites/all/modules/custom/bc/templates/tour_detail.tpl.php</file>
            <file>file:/Applications/XAMPP/htdocs/sb/public_html/sites/all/modules/custom/bc/bc.module</file>
            <file>file:/Applications/XAMPP/htdocs/sb/public_html/sites/all/themes/booking/css/main.css</file>
            <file>file:/Applications/XAMPP/htdocs/sb/public_html/sites/all/themes/booking/templates/node--tour.tpl.php</file>
            <file>file:/Applications/XAMPP/htdocs/sb/public_html/sites/all/modules/custom/bc/libs.php</file>
        </group>
    </open-files>
</project-private>
